id,content,extra_head
1026685,q02.斑比面对危险时的行动&斑比变成了怎样的小鹿,"{""relateQuestionIds"":[],""preQuestionId"":0,""nextQuestionId"":0,""context"":null,""contextV2"":{""id"":2472,""name"":""q02.斑比面对危险时的行动&斑比变成了怎样的小鹿"",""order"":0,""sourceItemIds"":[35694,35696],""dialogType"":""voice_interaction"",""refs"":null,""lessonId"":null,""greetingConfig"":null,""voiceInteractionConfig"":{""interactionBackg"
1036433,q05.看屏幕读内容,"{""relateQuestionIds"":[],""preQuestionId"":0,""nextQuestionId"":0,""context"":null,""contextV2"":{""id"":2534,""name"":""q05.看屏幕读内容"",""order"":1,""sourceItemIds"":[35702],""dialogType"":""voice_interaction"",""refs"":null,""lessonId"":null,""greetingConfig"":null,""voiceInteractionConfig"":{""interactionBackground"":""[BACKGROUND]\"
1036435,q07.生活中的困难与尝试,"{""relateQuestionIds"":[],""preQuestionId"":0,""nextQuestionId"":0,""context"":null,""contextV2"":{""id"":2538,""name"":""q07.生活中的困难与尝试"",""order"":3,""sourceItemIds"":[35686,35688],""dialogType"":""board_interaction"",""refs"":null,""lessonId"":null,""greetingConfig"":null,""voiceInteractionConfig"":null,""boardInteractionConfig"":"
1391356,q01. 斑比见到老朋友菲林,"{""relateQuestionIds"":[],""preQuestionId"":0,""nextQuestionId"":0,""context"":null,""contextV2"":{""id"":2800,""name"":""q01. 斑比见到老朋友菲林"",""order"":4,""sourceItemIds"":[45398],""dialogType"":""voice_interaction"",""refs"":null,""lessonId"":null,""greetingConfig"":null,""voiceInteractionConfig"":{""interactionBackground"":""[BACKGROU"
1392512,q04.老鹿王要带斑比去做什么,"{""relateQuestionIds"":[],""preQuestionId"":0,""nextQuestionId"":0,""context"":null,""contextV2"":{""id"":2802,""name"":""q04.老鹿王要带斑比去做什么"",""order"":5,""sourceItemIds"":[45408],""dialogType"":""voice_interaction"",""refs"":null,""lessonId"":null,""greetingConfig"":null,""voiceInteractionConfig"":{""interactionBackground"":""[BACKGRO"
1666463,q01.男爵到底想出了什么方法，不仅没被抓，还安全回到了营地呢？,"{""relateQuestionIds"":[],""preQuestionId"":0,""nextQuestionId"":0,""context"":null,""contextV2"":{""id"":2918,""name"":""q01.男爵到底想出了什么方法，不仅没被抓，还安全回到了营地呢？"",""order"":0,""sourceItemIds"":[45736],""dialogType"":""voice_interaction"",""refs"":null,""lessonId"":null,""greetingConfig"":null,""voiceInteractionConfig"":{""interactionBack"
1666467,q06.普通人要是遇到这些麻烦事，估计早就吓坏了，可男爵却总能冷静地想出好办法，你会用什么词来评价他呢？,"{""relateQuestionIds"":[],""preQuestionId"":0,""nextQuestionId"":0,""context"":null,""contextV2"":{""id"":2928,""name"":""q06.普通人要是遇到这些麻烦事，估计早就吓坏了，可男爵却总能冷静地想出好办法，你会用什么词来评价他呢？"",""order"":4,""sourceItemIds"":[45722],""dialogType"":""voice_interaction"",""refs"":null,""lessonId"":null,""greetingConfig"":null,""voiceInteractionConfi"
1666470,q09.看着屏幕上的这串‘麻烦链条’，你能按顺序给我讲讲，男爵在月球上到底经历了一连串怎样的麻烦，又想出什么办法解决的吗？,"{""relateQuestionIds"":[],""preQuestionId"":0,""nextQuestionId"":0,""context"":null,""contextV2"":{""id"":2938,""name"":""q09.看着屏幕上的这串‘麻烦链条’，你能按顺序给我讲讲，男爵在月球上到底经历了一连串怎样的麻烦，又想出什么办法解决的吗？"",""order"":7,""sourceItemIds"":[45698],""dialogType"":""voice_interaction"",""refs"":null,""lessonId"":null,""greetingConfig"":null,""voiceInterac"
1667498,q10.男爵总是在遇到麻烦，又总能奇妙地解决麻烦！如果现在举办一场颁奖典礼，让你给这位男爵颁个奖，你想给他颁个什么奖？再说说你的理由吧！,"{""relateQuestionIds"":[],""preQuestionId"":0,""nextQuestionId"":0,""context"":null,""contextV2"":{""id"":2942,""name"":""q10.男爵总是在遇到麻烦，又总能奇妙地解决麻烦！如果现在举办一场颁奖典礼，让你给这位男爵颁个奖，你想给他颁个什么奖？再说说你的理由吧！"",""order"":8,""sourceItemIds"":[45702],""dialogType"":""voice_interaction"",""refs"":null,""lessonId"":null,""greetingConfig"":null,""voice"
1667499,q11.如果有一天，你也遇到了一连串让人头疼的麻烦，你会怎么做呢？,"{""relateQuestionIds"":[],""preQuestionId"":0,""nextQuestionId"":0,""context"":null,""contextV2"":{""id"":2944,""name"":""q11.如果有一天，你也遇到了一连串让人头疼的麻烦，你会怎么做呢？"",""order"":9,""sourceItemIds"":[45706],""dialogType"":""voice_interaction"",""refs"":null,""lessonId"":null,""greetingConfig"":null,""voiceInteractionConfig"":{""interactionBac"
