questionid,turns,hes2
2841,17928,3.0
2842,50911,2.2
9071,8204,5.1
9073,6291,3.7
9074,5776,3.5
9075,11123,4.3
9076,4498,7.7
10519,27106,4.9
10753,10879,4.4
10754,19931,3.1
23621,15898,2.1
26577,24306,2.6
26628,24998,3.1
26629,31975,2.6
26630,26813,2.3
78078,11201,6.1
110840,19443,4.7
334206,1759,2.6
334207,1630,2.9
334208,2817,3.7
334695,2039,3.4
334696,2054,6.7
334697,3511,3.2
334698,1957,3.1
334699,3104,5.3
474355,800,4.8
474357,793,5.3
474358,673,5.9
474359,765,5.5
474360,831,3.5
474361,813,5.5
474362,586,3.2
474363,749,3.3
511374,1471,2.0
893324,1929,5.0
893325,2416,5.2
893326,1384,4.8
893327,1920,6.1
893328,1087,6.2
893329,2334,5.1
