id,content,intent
2841,酒醒之后，孙悟空想起自己做的这些事，你觉得他心里会有点什么感觉？,引导学生从原文
2842,刚刚这场精彩绝伦的变身斗法中，说说二郎神给你留下了怎样的印象，这样写的好处,引导学生从斗法细节中归纳二郎神的形象特点（心思缜密、观察细致、反应迅速、法力高强等）。注意：必须让学生自己提炼出特点词汇
9071,拇指姑娘什么反应,引导学生发现拇指姑娘面对癞蛤蟆这些安排时的反应——心里不愿意，但什么也没说，只能哭。
9073,待嫁：说出心里话,让学生发现拇指姑娘这次主动说出了心里话——第一次为自己说出了
9074,“我们一起走”,让学生说出拇指姑娘这次痛快答应的关键台词——
9075,感悟主旨,引导学生梳理拇指姑娘从沉默到主动表达的变化过程。
9076,丑小鸭,引导学生根据丑小鸭
10519,三人三种性格,引导学生从情节中分析八戒的特点
10753,怎么评价宝象国中八戒的表现,引导学生辩证评价八戒，看到人物的复杂性
10754,关键时刻贡献奖,引导学生从贡献、后果、品质三个层面分析危机中的关键人物
23621,如果你是悟空，当你发现天庭无论如何都拿你没办法的时候，你心里会怎么想？,让学生站在悟空的角度，体会他此刻的心态——天庭拿他没办法，他觉得自己无敌了。
26577,"大圣听了更不服气了，说：""玉帝虽然修炼这么多劫数，但是也不能一直占着这个位子。常言道'皇帝轮流做，明年到我家'""，这句话体现了悟空的什么精神？",引导学生从悟空的这句话中分析出他的精神特质
26628,如来是如何取胜的？,引导学生梳理如来的取胜策略和过程
26629,你来帮大圣找找原因，分析一下大圣为什么会输给如来？,引导学生从内外两个维度分析悟空失败的原因。
26630,"五行山对于悟空意味着什么？从下面三个关键词""惩罚""""磨炼""""机遇""中任选一个，并说出你的理由。",引导学生从
78078,危机对取经团队关系的影响,引导学生思考危机对团队关系的影响
110840,悟空这次离队和第一次有什么不同？,引导学生从行为、情感、成长三个层面感受悟空这次离队的不同
334206,q01_1.谁创造了人类？,提取希腊神话中创造人类的关键人物。
334207,q02_1.普罗米修斯精神_盗火动机,理解普罗米修斯盗火的动机。
334208,q02_2.普罗米修斯精神_人物精神,从动机、行动与承受后果中概括人物精神。
334695,q03_1.法厄同初印象_驾驶太阳马车的困难,提取赫里阿斯所说的具体驾驶困难。
334696,q03_2.法厄同初印象_人物性格,根据法厄同面对劝告的选择概括人物特点。
334697,q04.思辨-悲剧为何发生,从直接结果追溯人物选择上的悲剧根因。
334698,q05_1.敬佩的人/英雄,用人物和理由表达敬佩之情。
334699,q05_2.我也可以,把英雄精神迁移为一件具体可做的勇敢小事。
474355,请你发挥想象，用自己的话给我描绘一下：一个“被自己的聪明陶醉了”的人，他走在甲板上、或者看别人的时候，会是什么样的表情和动作？,把人物因自以为看穿真相而得意自满的内心，描绘成一个可见的外显瞬间。
474357,你还记得吗，这会儿路路通心里认为费克斯是什么身份？,确认路路通此时认定费克斯是什么身份。
474358,如果你是路路通，面对这种情况，你心里会打什么算盘？看屏幕上的提示，试着用一句完整的话，把路路通当时的心理活动说出来！,代入人物，用完整心理活动表达路路通面对费克斯邀约时符合其性格的主动算盘。
474359,鱼骨图就剩最后一段了。请你有感情地朗读屏幕上这段话，读完后告诉我：路路通说这句话时，是怎样的心情和态度？,借朗读感受人物语言，同时判断路路通坚定拒绝背叛、受到冒犯而愤怒的心情和态度。
474360,那你想想，究竟是发生了什么事，让他变得这么坚定、愤怒？费克斯刚才干什么了？,概括费克斯以金钱收买路路通、要求他背叛主人的行为。
474361,结合“情节”和“描写”，你推测路路通现在是一种什么样的心情？,结合情节和描写概括路路通害怕、纠结的复合心情。
474362,回想一下前面的情节，路路通亲眼见过主人做过哪些事，让他觉得主人绝对不可能是个坏人？,用路路通亲眼见过的一件具体善举，说明他信任福格的依据。
474363,一边是冷冰冰的警察证件，另一边是他亲眼见到的主人的善良。现在，请你看着屏幕上的提示，把自己当成路路通，用完整的话把他此刻最纠结的内心独白说出来！,用第一人称完整表达路路通在害怕怀疑与信任主人之间的心理冲突。
511374,q01_2.普罗米修斯教会了人类什么,列举普罗米修斯教给人类的具体本领。
893324,紫莓饮料的秘密,让学生从刚看到的视频/原文里，提取戴安娜连喝三杯后**外在的异样表现**——头晕、站不稳、摇摇晃晃、扶头、匆匆回家、说话
893325,分析安妮的人物特点,从原文里提取安妮听完戴安娜求救后做了什么——马上行动、说自己有经验、立刻出发都算，任一点即达标。
893326,安妮做了什么,
893327,最后的结果,说出这件事的结果——明妮·梅得救了 / 医生对安妮有正面反应，任一即达标。
893328,巴里太太改变的原因,让学生看清楚
893329,感受安妮与戴安娜的友谊,说清楚这段友谊为什么能被修复——三层原因任答一层即达标。
893330,自己如何帮助朋友,让学生回忆并说出一件**自己帮过朋友**的真实小事——只要说清楚
893331,朋友如何帮助自己,让学生回忆并说出一件**朋友帮过自己**的真实小事——只要说清楚
894312,有时候，我也会这样把心情藏在动作或语言里。请看屏幕上路路通说的这句话。这里没有一个字直接写“心情”，可你能从这句话中感觉到他心情怎么样吗？,从一句语言线索推断路路通此刻得意、自以为是、有优越感或幸灾乐祸的心情。
1034123,Q1-探险小队究竟是看到了怎样的景色，才判断出他们此时不在冰岛呢,提取环境描写中的具体景物，并用这些景物所显示的温暖气候解释探险小队为何判断此处不在冰岛。
1034124,Q2-你认为探险小队的地心之旅是成功了还是失败了？可以说说你的理由。,从“是否实现最初目标”和“旅程中的发现、经历与成长”两个评价尺度思考探险的意义，并形成有事实理由的个人判断。
1034125,Q3-汉恩斯这个人有没有发生变化,对比汉恩斯经历探险前后的外在处境与内在态度，辨认其始终冷静可靠、务实淡泊并眷恋原有生活的不变内核。
1034126,Q4-叔叔这个人到底有没有发生改变,对比黎登布洛克教授探险前后外在身份与内在科学态度，辨认他执着求真的不变内核。
1034127,Q5-阿克赛身上最大的“改变”是什么,对比阿克赛探险前后的行为和思考方式，概括他从惶恐依赖走向勇敢、自信、独立思考和理性解决问题的内在成长。
1284420,✅q01-画眉鸟看到满头大汗的拉车人，心里很不痛快，觉得他们特别可怜。画眉鸟为什么觉得他们可怜呢？,从拉车人的辛苦表现进一步理解画眉鸟对其劳动处境的判断。
1284421,✅q02-画眉鸟看到忙忙碌碌的厨子，心里很烦闷，它想到了什么，所以感慨地唱起歌来了呢？去原文第18页倒数第二段找找答案吧。,辨认画眉鸟对厨子处境所作的比喻，补全观察记录中的“想到”一栏。
1285531,✅q03-哎，看到这里，我的心里也跟着沉甸甸的。画眉鸟刚逃出金丝笼的时候，觉得天空那么大，别提多自在了。可这一路飞过来，看到满头大汗的拉车人、热得脸通红的厨子，还有这个嗓子都快哑了的小女孩……你觉得，这只原本满心欢喜的小鸟，现在的心情怎么样了？,感受画眉鸟经历三次相遇后由兴奋、期待转为烦闷、难过的心理变化。
1590192,✅q04-你看，画眉鸟现在风餐露宿，饿了吃野果，脏了用溪水洗。比起在金丝笼里有人好吃好喝地伺候着，条件可是差远了。可它为什么反而觉得心里特别痛快呢？,通过对比笼内外生活条件，体会能自己作主比物质优越更让画眉鸟痛快，理解身体上的自由。
1590193,✅q05-是啊，身体的自由让它痛快。但我觉得，它不仅身体自由了，心里也想明白了一件事。咱们先回想一下，以前在金丝笼里，它唱歌是为了谁呢？,回想画眉在金丝笼里歌唱所迎合的具体对象（哥儿、哥儿的姊妹兄弟们），为前后对比建立“过去”一端。这是一道信息回忆题，答案就
1590194,✅q07-【1】VIP门票已经送达啦！能告诉我，你为什么要把画眉鸟的歌声送给他吗？,联系画眉为值得关心的不幸者歌唱的变化，为把歌声送给难过小男孩的选择说明理由。
1590195,✅q08-【2】VIP门票已经送达啦！能告诉我，你为什么要把画眉鸟的歌声送给孤单的老奶奶吗？,联系画眉为值得关心的不幸者歌唱的变化，为把歌声送给孤单老奶奶的选择说明理由。
1590196,✅q09-【3】VIP门票已经送达啦！能告诉我，你为什么要把画眉鸟的歌声送给疲惫的快递员吗？,联系画眉为值得关心的不幸者歌唱的变化，为把歌声送给疲惫快递员的选择说明理由。
1590197,✅q10-你说得太棒了！画眉鸟不想再为了金币去讨好富翁，它要在旷野里，为真正需要的人唱自己想唱的歌！今晚，它想邀请你作为“特邀嘉宾”，来分享一首属于你的“旷野之歌”。看看大屏幕上的灵感墙，在生活里，有什么事是哪怕没有大人的夸奖和奖励，你听从内心也觉得很有意义、很想去做的呢？可以从屏幕上挑，也可以自己想一个哦！,联系画眉按内心选择歌唱意义的变化，分享一件自己不依靠大人夸奖或奖励也愿意做的有意义小事。
1671305,q01 你能说说烛龙有什么本领吗？,提取烛龙控制昼夜和四季的核心本领。
1671307,q03 你觉得哪一句体现了神话神奇的想象呢？快跟我说说它不可思议的地方吧！,从三句原文中辨别哪一句包含超越现实的神奇想象，并表达出其不可思议的地方。
1671308,q04 古人编出十个太阳烤焦大地、烤干河流的故事，可能是在解释什么样的自然现象呢？,从神话灾难场景推断其对应的真实自然现象，初步建立
1672142,q05 结合书里的内容说说，雷公和电母这对搭档，是怎么分工的？,从原文中提取雷公与电母这对搭档各自的分工——电母负责先探照明辨是非，雷公负责后打雷惩罚。
1672143,q06 联系一下咱们生活里下雷雨的场景，你觉得古人编这个故事，其实是在解释什么自然现象呢？,将神话故事中的配合顺序迁移联系到现实中先闪电后打雷的自然现象，理解古人用神话解释自然的思维方式。
1672147,q12 你想给谁编一个神话故事？大声告诉我吧！,让学生选择一个感兴趣的自然现象作为创编神话的对象，激活创作意愿。
1672148,q13 创编神话的第一步，咱们得先创造一个主角！你选了【XX自然现象】，那么想象一下——如果有一位神仙专门掌管它，他会叫什么名字？长什么样子呢？,激发学生想象力，为所选自然现象创造一位神仙主角，包括名字和外貌。
1672495,✅q1-你说说，屏幕上这个句子属于什么描写？体现了舅舅们怎样的特点呢？,辨认这句话同时是动作描写和神态描写（两类都要答准），并由描写准确概括两个舅舅贪婪、自私、粗暴、蛮横的特点。
1672496,✅q2-这两句又是什么描写？表现了外公什么性格？,辨认这两句是语言描写，并由描写准确概括外公专横跋扈、脾气暴躁的特点。
1672497,✅q3-母亲这句话让你感受到了什么？她是个什么样的人？,从母亲简短有力的语言和全场被震慑的反应中，概括她保护孩子、勇敢强硬、说话有分量的形象。
1672498,✅q4-茨冈飞快跑来夺下桌布，还喊“大祸临头了”。阿廖沙到底做了什么惹祸的事？请从原文里找找答案。,从第26～28页提取并说清阿廖沙惹祸的具体事情：把过节用的白桌布染进了蓝靛桶。
1672499,✅q5-在这场毒打之后，阿廖沙发生了怎样的变化？,从第28～32页提取阿廖沙在毒打后的变化，分身体和心理两方面：身体上被打到失去知觉、生了一场病；心理上因难忍的耻辱感，对
1672500,✅q6-屏幕上这句话，是什么描写？让你看出此刻的外公是什么样子、什么状态？,辨认这句是神态（或外貌）描写，并由描写概括外公精神矍铄、富有生命力、开朗激动的特点。
1672501,✅q7-屏幕上这一句，是什么描写？再结合外公讲的拉纤经历，你体会到他拉纤时是怎样的境况、又是怎样的性格？,结合外公的拉纤自述，说出外公拉纤时极其艰辛痛苦的境况，以及坚强、坚韧不拔、吃苦耐劳的性格。
1672502,✅q8-刚来第一天，阿廖沙就觉得“自己的悲惨生活从此开始了”。你能从原文中找到一些证据，说明这里为什么“悲惨”吗？,为“悲惨”找出原文证据，可涉及环境恶劣、仇恨与暴力、人际冷漠等任一角度。
1672503,✅q9-回忆一下星期六挨打的场景，表哥萨沙和阿廖沙面对挨打，表现有什么不同？这种对比说明了什么？,对比萨沙与阿廖沙面对挨打的不同表现，并解读这种对比说明了什么。
1672504,✅q10-有人说外公粗暴残忍，有人说外公对阿廖沙也有温情。你从这两章的原文里，能找到哪些描写来支持这两种说法？说说你找到的证据。,从已读原文中分别提取能够证明外公粗暴残忍和对阿廖沙偶有温情的描写。
1709738,✅q11-如果现在演唱会的聚光灯打在了你身上，你会怎么向全场的观众宣布你的决定呢？试着把你刚才的想法大声地告诉大家吧！,承接 q10 选定的那件事，引导学生说出“为什么哪怕没夸奖、没奖励也愿意去做”——落到它带给自己的精神收获或情感满足，让
2015445,q02 你感受到了古人什么样的特点呢？,引导学生感受古人
2541073,"q01读完刚才的故事，你来说说看，周瑜的""病""是什么？",从听读内容中推断周瑜病倒的真正
2541074,q02赤壁之战，曹操到底输在哪儿？你能说说你的看法么？给你一个小提示，你可以从内部原因和外部原因两方面思考，内部原因就是曹操自己出了什么问题，外部原因就是从对手、环境这些角度来说。不着急，你可以思考好了之后再回答我。,训练多角度归因能力，让学生从内部（曹操自身失误）和外部（天时地利、对手配合）两个层面分析赤壁之战曹操失败的原因。
2541075,q03先来说说看，你会不会选择放走曹操，为什么？说说你的理由。,让学生站在关羽的立场做出选择（放或不放），并给出符合《三国演义》情节和关羽人物形象的理由。
2541076,q04相信你已经很能理解关羽了，如果让你来点评一下，华容道前，关羽的两难处境，难在哪里？你会怎么说？我想听听你的总结。,让学生总结关羽华容道两难处境的本质。
