questionid,n,silent,long_all,hes
2841,11925,8.2,42.1,1.7
2842,12193,7.2,49.3,0.8
9071,2807,2.4,30.2,1.5
9073,2720,3.5,38.8,1.5
9074,2695,5.5,25.9,0.9
9075,2721,4.0,83.2,2.1
9076,2618,4.6,31.9,5.8
10519,4801,3.3,34.5,5.0
10753,4523,5.7,41.4,3.7
10754,4728,3.3,73.3,0.9
23621,11724,8.3,48.0,0.8
26577,11804,10.4,35.3,2.5
26628,11777,10.1,63.9,1.7
26629,11799,7.8,54.4,1.1
26630,11749,8.7,70.5,0.6
78078,4447,4.4,72.9,3.3
110840,4639,4.8,65.0,2.8
334206,1366,3.0,8.1,2.0
334207,1335,2.9,29.3,2.2
334208,1323,4.8,25.2,3.9
334695,1328,4.4,71.2,2.1
334696,1317,3.9,28.5,3.1
334697,1316,3.3,42.4,1.8
334698,1312,4.8,63.9,1.4
334699,1309,9.1,28.4,6.3
474355,422,4.5,46.4,3.6
474357,407,4.7,39.8,4.4
474358,404,7.7,74.5,2.5
474359,411,5.1,71.3,2.9
474360,405,6.9,51.4,1.7
474361,413,6.1,28.1,1.9
474362,406,7.4,67.5,1.2
474363,402,6.0,81.3,2.0
511374,1287,2.4,59.2,0.7
893324,754,1.1,11.8,1.1
893325,759,5.8,37.5,3.6
893326,739,3.9,70.8,2.6
893327,739,4.7,29.5,2.2
893328,734,3.7,47.8,2.0
893329,747,4.7,49.0,2.1
