questionid,turns,silent,hes,long_all
893330,944,5.9,2.4,46.3
893331,469,7.0,3.6,49.0
894312,713,4.2,3.2,21.5
1034123,1585,6.4,2.5,40.6
1034124,992,9.8,1.7,51.2
1034125,1465,7.0,1.8,29.6
1034126,1333,6.6,1.1,27.1
1034127,995,9.7,0.9,29.7
1284420,2875,5.5,0.6,13.3
1284421,2626,5.1,0.3,11.5
1285531,2957,4.5,0.2,14.3
1590192,2532,3.3,0.2,9.5
1590193,3030,3.8,0.4,13.1
1590194,967,3.6,0.0,8.7
1590195,734,2.3,0.4,11.7
1590196,717,2.5,0.1,13.7
1590197,2463,5.4,0.3,5.2
1671305,2839,3.3,0.2,11.0
1671307,2758,4.8,0.6,10.9
1671308,2636,3.9,0.6,4.4
1672142,2685,6.8,0.2,11.6
1672143,2708,4.2,0.1,5.2
1672147,2522,2.8,0.1,2.5
1672148,3399,6.7,0.2,27.1
1672495,4141,4.7,0.2,6.8
1672496,3739,5.9,0.5,5.3
1672497,3455,6.3,0.1,4.9
1672498,3361,5.9,0.1,5.5
1672499,3677,10.9,0.5,6.8
1672500,3539,9.0,0.5,6.6
1672501,3280,8.6,0.3,6.0
1672502,3259,9.5,0.3,6.7
1672503,3418,12.3,0.5,11.0
1672504,3456,12.3,0.4,13.6
1709738,2850,6.5,0.2,18.0
2015445,2951,5.7,0.7,6.1
2541073,700,6.6,1.4,17.0
2541074,694,10.2,0.9,31.4
2541075,742,10.4,3.9,24.0
2541076,646,11.0,0.5,29.4
