年级,环节,题目原文,题型,样本数,慢答率>5s,慢答率>6s,慢答率>7s,长答率>15字,无措率,沉默率
2,Q01无板书：斑比心情+鹿王做法,斑比这时心情怎样？老鹿王又做了什么？,开放表达题,552,26.8%,20.7%,15.8%,28.1%,4.5%,3.8%
2,Q01无板书：斑比心情+鹿王做法,如果你是斑比，见到老鹿王你会怎么做？,开放表达题,537,14.9%,10.8%,8.0%,42.5%,8.4%,3.8%
2,Q2-无板书：没开口原因+生活迁移,斑比和老鹿王都有话想说，为什么最后谁都没开口？,开放表达题,556,25.7%,19.2%,13.7%,67.6%,7.2%,4.8%
2,Q2-无板书：没开口原因+生活迁移,下次再遇到，斑比可以怎么做？,开放表达题,538,30.9%,22.1%,15.4%,48.5%,7.8%,4.8%
2,Q04-无板书：斑比反应+是只怎样的鹿,看到老鹿王，斑比是什么反应？,信息推断题,535,20.7%,15.3%,11.2%,32.9%,2.6%,5.1%
2,Q04-无板书：斑比反应+是只怎样的鹿,你觉得老鹿王是只怎样的鹿？,信息推断题,525,16.8%,12.2%,9.1%,28.8%,4.2%,5.1%
2,Q06-无板书：逃跑原因+鹿王是只怎样的鹿,老鹿王为什么竖起耳朵一动不动？,人物形象题,528,17.8%,11.9%,9.1%,78.2%,4.4%,5.4%
2,Q06-无板书：逃跑原因+鹿王是只怎样的鹿,用一个词形容老鹿王。,人物形象题,520,10.2%,6.0%,4.8%,26.0%,1.2%,5.4%
2,Q08-有板书记忆回调：鹿王回信,请你当斑比，给老鹿王回一段话，说说那天为什么没开口。,开放表达题,546,53.8%,37.2%,27.5%,91.2%,2.7%,4.8%
2,Q08-有板书记忆回调：鹿王回信,斑比下次见到老鹿王，会怎么做？,开放表达题,540,22.8%,14.4%,10.4%,78.9%,1.9%,4.8%
2,Q09-无板书：不回信发生什么,如果一直不开口，可能会发生什么？,信息推断题,539,18.4%,12.1%,9.3%,47.3%,13.7%,5.2%
2,Q10-有板书,请你当斑比，把想对老鹿王说的悄悄话讲出来。,开放表达题,540,43.7%,33.5%,27.6%,61.9%,6.9%,6.8%
2,q03-轻互动：鹿王出现后做了什么,老鹿王出现后，做了什么？,信息提取题,529,27.6%,20.2%,16.3%,54.4%,6.4%,6.9%
2,Q5-轻互动：鹿王带斑比做了什么,老鹿王带着斑比做了哪些事？,信息提取题,542,31.2%,21.6%,15.9%,64.9%,4.4%,5.6%
2,Q07-轻互动：郭波前后变化,跟着老鹿王，斑比还害怕吗？,信息提取题,537,16.6%,10.4%,6.9%,52.5%,1.7%,3.6%
