年级,所在环节(stageType),动作类型(actiontype),题目原文,题型标签(能力·题型),样本数,慢答率>5s,慢答率>6s,慢答率>7s,长答率>15字,无措率,沉默率
2,章节,语音对话,斑比这时心情怎样？老鹿王又做了什么？,分析理解·人物心理题；信息提取·信息提取题,552,26.8%,20.7%,15.8%,28.1%,4.5%,3.8%
2,章节,语音对话,如果你是斑比，见到老鹿王你会怎么做？,迁移运用·开放表达题；分析理解·人物形象题,537,14.9%,10.8%,8.0%,42.5%,8.4%,3.8%
2,章节,语音对话,斑比和老鹿王都有话想说，为什么最后谁都没开口？,信息提取·信息提取题；分析理解·人物心理题；分析理解·人物形象题,556,25.7%,19.2%,13.7%,67.6%,7.2%,4.8%
2,章节,语音对话,下次再遇到，斑比可以怎么做？,迁移运用·开放表达题；思辨表达·开放表达题,538,30.9%,22.1%,15.4%,48.5%,7.8%,4.8%
2,章节,语音对话,看到老鹿王，斑比是什么反应？,信息提取·信息提取题,535,20.7%,15.3%,11.2%,32.9%,2.6%,5.1%
2,章节,语音对话,你觉得老鹿王是只怎样的鹿？,分析推断·信息推断题；分析理解·人物形象题,525,16.8%,12.2%,9.1%,28.8%,4.2%,5.1%
2,章节,语音对话,老鹿王为什么竖起耳朵一动不动？,信息提取·信息提取题；分析推断·信息推断题,528,17.8%,11.9%,9.1%,78.2%,4.4%,5.4%
2,章节,语音对话,用一个词形容老鹿王。,分析理解·人物形象题,520,10.2%,6.0%,4.8%,26.0%,1.2%,5.4%
2,思辨表达,板书对话,请你当斑比，给老鹿王回一段话，说说那天为什么没开口。,分析理解·人物心理题；信息提取·信息提取题,546,53.8%,37.2%,27.5%,91.2%,2.7%,4.8%
2,思辨表达,板书对话,斑比下次见到老鹿王，会怎么做？,思辨表达·开放表达题,540,22.8%,14.4%,10.4%,78.9%,1.9%,4.8%
2,思辨表达,语音对话,如果一直不开口，可能会发生什么？,分析推断·信息推断题；思辨表达·开放表达题,539,18.4%,12.1%,9.3%,47.3%,13.7%,5.2%
2,思辨表达,板书对话,请你当斑比，把想对老鹿王说的悄悄话讲出来。,思辨表达·开放表达题,540,43.7%,33.5%,27.6%,61.9%,6.9%,6.8%
2,章节,语音对话,老鹿王出现后，做了什么？,信息提取·信息提取题,529,27.6%,20.2%,16.3%,54.4%,6.4%,6.9%
2,章节,语音对话,老鹿王带着斑比做了哪些事？,信息提取·信息提取题；归纳概括·概括梳理题,542,31.2%,21.6%,15.9%,64.9%,4.4%,5.6%
2,章节,语音对话,跟着老鹿王，斑比还害怕吗？,信息提取·信息提取题；归纳概括·概括梳理题,537,16.6%,10.4%,6.9%,52.5%,1.7%,3.6%
3,章节,语音对话,拇指姑娘什么反应,信息提取·信息提取题,2807,22.7%,14.7%,10.1%,30.2%,1.5%,2.4%
3,章节,语音对话,拇指姑娘什么反应,分析理解·人物形象题,2807,15.9%,10.0%,7.2%,30.2%,1.5%,2.4%
3,章节,语音对话,待嫁：说出心里话,信息提取·信息提取题,2720,15.3%,10.4%,7.4%,38.8%,1.5%,3.5%
3,章节,语音对话,待嫁：说出心里话,创造创新·开放表达题,2720,11.0%,6.8%,5.0%,38.8%,1.5%,3.5%
3,章节,轻互动,“我们一起走”,信息提取·信息提取题,2695,28.0%,20.0%,15.4%,25.9%,0.9%,5.5%
3,思辨表达,板书对话,感悟主旨,归纳概括·概括梳理题,2721,22.0%,14.3%,10.2%,83.2%,2.1%,4.0%
3,思辨表达,板书对话,感悟主旨,分析理解·人物形象题,2721,22.6%,15.1%,10.9%,83.2%,2.1%,4.0%
3,思辨表达,板书对话,感悟主旨,分析理解·主旨情感题,2721,19.6%,12.6%,9.9%,83.2%,2.1%,4.0%
3,思辨表达,语音对话,丑小鸭,分析理解·主旨情感题,2618,21.5%,14.6%,11.2%,31.9%,5.8%,4.6%
3,章节,语音对话,紫莓饮料的秘密,信息提取·信息提取题,754,7.8%,4.9%,3.9%,11.8%,1.1%,1.1%
3,章节,语音对话,紫莓饮料的秘密,分析推断·信息推断题,754,7.0%,4.3%,3.0%,11.8%,1.1%,1.1%
3,章节,板书对话,分析安妮的人物特点,信息提取·信息提取题,759,37.1%,28.2%,22.0%,37.5%,3.6%,5.8%
3,章节,板书对话,分析安妮的人物特点,分析理解·人物形象题,759,16.1%,10.8%,7.7%,37.5%,3.6%,5.8%
3,章节,语音对话,安妮做了什么,信息提取·信息提取题,739,25.7%,18.0%,12.6%,70.8%,2.6%,3.9%
3,章节,语音对话,最后的结果,归纳概括·概括梳理题,739,16.7%,11.0%,7.5%,29.5%,2.2%,4.7%
3,章节,板书对话,巴里太太改变的原因,分析理解·人物心理题,734,22.6%,15.0%,11.1%,47.8%,2.0%,3.7%
3,思辨表达,板书对话,感受安妮与戴安娜的友谊,分析理解·主旨情感题,747,16.7%,12.6%,9.4%,49.0%,2.1%,4.7%
3,思辨表达,板书对话,感受安妮与戴安娜的友谊,思辨表达·开放表达题,747,11.0%,7.3%,5.2%,49.0%,2.1%,4.7%
3,思辨表达,轻互动,自己如何帮助朋友,迁移运用·开放表达题,507,33.8%,24.3%,18.4%,47.1%,3.9%,5.7%
3,思辨表达,轻互动,朋友如何帮助自己,迁移运用·开放表达题,244,29.9%,22.7%,18.6%,50.4%,5.3%,7.8%
3,章节,语音对话,画眉鸟为什么觉得拉车人可怜呢？,分析推断·信息推断题,2525,29.6%,21.2%,16.2%,6.9%,0.4%,5.5%
3,章节,语音对话,画眉鸟看到忙碌的厨子，想到了什么？,信息提取·信息提取题,2457,52.8%,43.3%,36.8%,10.0%,0.2%,5.0%
3,章节,语音对话,看到拉车人、厨子、哑嗓小女孩……你觉得这只原本满心欢喜的小鸟，现在心情怎么样了？,信息提取·内容辨析题,2418,14.6%,9.1%,6.2%,9.6%,0.0%,3.9%
3,章节,语音对话,看到拉车人、厨子、哑嗓小女孩……你觉得这只原本满心欢喜的小鸟，现在心情怎么样了？,分析理解·人物形象题,2418,16.7%,10.9%,7.6%,9.6%,0.0%,3.9%
3,章节,语音对话,画眉鸟风餐露宿条件更差，为什么反而觉得心里痛快？,分析理解·人物心理题,2355,15.5%,10.3%,8.0%,8.2%,0.3%,3.1%
3,章节,板书对话,以前在金丝笼里，它唱歌是为了谁呢？,信息提取·信息提取题,2366,8.9%,5.9%,4.0%,5.9%,0.2%,3.2%
3,章节,板书对话,以前在金丝笼里，它唱歌是为了谁呢？,分析理解·人物形象题,2366,7.4%,4.3%,2.8%,5.9%,0.2%,3.2%
3,思辨表达,轻互动,你为什么要把画眉鸟的歌声送给他（难过小男孩）？,迁移运用·开放表达题,941,8.9%,4.5%,2.1%,8.4%,0.0%,3.0%
3,思辨表达,轻互动,你为什么要把歌声送给孤单的老奶奶？,迁移运用·开放表达题,690,9.1%,5.5%,3.3%,10.0%,0.3%,1.9%
3,思辨表达,轻互动,你为什么要把歌声送给疲惫的快递员？,迁移运用·开放表达题,678,6.5%,3.4%,2.0%,11.9%,0.0%,2.7%
3,思辨表达,语音对话,生活里有什么事，哪怕没大人夸奖奖励，你听从内心也觉得很有意义、很想做？,迁移运用·开放表达题,2345,34.4%,23.4%,17.4%,3.8%,0.6%,4.9%
3,思辨表达,板书对话,聚光灯打在你身上，你会怎么向全场宣布你的决定？,迁移运用·开放表达题,2313,15.3%,9.9%,6.7%,7.3%,0.1%,6.7%
4,章节,语音对话,谁创造了人类？,信息提取·信息提取题,1366,14.3%,10.2%,7.7%,8.1%,2.0%,3.0%
4,章节,语音对话,普罗米修斯盗火动机,分析理解·人物心理题,1335,11.2%,8.8%,6.7%,29.3%,2.2%,2.9%
4,章节,语音对话,普罗米修斯精神_人物精神,分析理解·人物形象题,1323,23.5%,15.3%,11.6%,25.2%,3.9%,4.8%
4,章节,语音对话,法厄同初印象_驾驶太阳马车的困难,归纳概括·概括梳理题；信息提取·信息提取题,1328,31.7%,21.7%,16.4%,71.2%,2.1%,4.4%
4,章节,语音对话,法厄同初印象_驾驶太阳马车的困难,归纳概括·概括梳理题；信息提取·信息提取题,1328,17.7%,12.8%,12.8%,71.2%,2.1%,4.4%
4,章节,语音对话,法厄同初印象_人物性格,分析理解·人物形象题,1317,19.1%,13.6%,10.2%,28.5%,3.1%,3.9%
4,章节,板书对话,思辨-悲剧为何发生,分析推断·信息推断题；归纳概括·概括梳理题,1316,11.9%,7.6%,5.0%,42.4%,1.8%,3.3%
4,章节,板书对话,思辨-悲剧为何发生,思辨表达·开放表达题,1316,12.7%,8.3%,6.1%,42.4%,1.8%,3.3%
4,思辨表达,语音对话,敬佩的人/英雄,迁移运用·开放表达题,1312,21.7%,14.5%,10.6%,63.9%,1.4%,4.8%
4,思辨表达,语音对话,我也可以（把英雄精神迁移为一件可做的勇敢小事）,迁移运用·开放表达题,1309,35.4%,25.5%,19.8%,28.4%,6.3%,9.1%
4,章节,语音对话,普罗米修斯教会了人类什么,信息提取·信息提取题；归纳概括·概括梳理题,1287,20.4%,12.7%,9.9%,59.2%,0.7%,2.4%
4,章节,语音对话,你能说说烛龙有什么本领吗？,信息提取·信息提取题,2705,20.9%,14.2%,9.2%,8.7%,0.1%,3.2%
4,章节,语音对话,哪一句体现了神话神奇的想象？说说它不可思议的地方。,信息提取·信息提取题,2555,32.5%,27.4%,20.6%,8.1%,0.3%,4.9%
4,章节,语音对话,十个太阳烤焦大地的故事，可能在解释什么自然现象？,信息提取·信息提取题,2507,19.7%,14.0%,8.6%,2.7%,0.4%,3.6%
4,章节,语音对话,雷公和电母这对搭档是怎么分工的？,信息提取·信息提取题,2490,34.9%,22.2%,17.1%,8.5%,0.3%,6.6%
4,章节,语音对话,古人编这个故事，其实在解释什么自然现象？,分析推断·信息推断题,2452,11.0%,5.9%,4.2%,2.8%,0.1%,4.2%
4,思辨表达,语音对话,你想给谁编一个神话故事？,信息提取·信息提取题,2463,12.0%,9.1%,6.8%,1.5%,0.2%,2.7%
4,思辨表达,板书对话,为所选自然现象创造一位神仙主角，叫什么名字、长什么样？,信息提取·信息提取题,2439,19.4%,14.6%,11.1%,9.0%,0.1%,7.5%
4,思辨表达,板书对话,为所选自然现象创造一位神仙主角，叫什么名字、长什么样？,信息提取·信息提取题,2439,17.4%,12.1%,7.8%,9.0%,0.1%,7.5%
4,章节,语音对话,你感受到了古人什么样的特点呢？,分析理解·主旨情感题,2640,21.6%,14.6%,12.6%,3.1%,0.3%,5.8%
5,章节,板书对话,三人三种性格,分析理解·人物形象题,4801,26.7%,19.1%,14.9%,34.5%,5.0%,3.3%
5,章节,板书对话,三人三种性格,分析理解·人物形象题,4801,23.8%,17.1%,12.9%,34.5%,5.0%,3.3%
5,章节,板书对话,三人三种性格,分析理解·人物形象题,4801,15.9%,11.3%,8.4%,34.5%,5.0%,3.3%
5,章节,语音对话,怎么评价宝象国中八戒的表现,分析理解·人物形象题,4523,25.0%,17.2%,12.8%,41.4%,3.7%,5.7%
5,思辨表达,板书对话,关键时刻贡献奖,思辨表达·开放表达题,4728,15.2%,9.7%,7.2%,73.3%,0.9%,3.3%
5,思辨表达,板书对话,关键时刻贡献奖,创造创新·开放表达题；创造创新·补写仿写题,4728,15.5%,9.2%,5.7%,73.3%,0.9%,3.3%
5,思辨表达,板书对话,危机对取经团队关系的影响,分析理解·主旨情感题；思辨表达·开放表达题,4447,18.9%,12.9%,9.1%,72.9%,3.3%,4.4%
5,章节,板书对话,悟空这次离队和第一次有什么不同？,分析推断·信息推断题；分析理解·人物形象题,4639,25.8%,18.5%,13.5%,65.0%,2.8%,4.8%
5,章节,语音对话,探险小队看到怎样的景色，才判断此时不在冰岛？,信息提取·信息提取题,735,23.0%,15.7%,10.8%,43.5%,1.9%,4.9%
5,章节,语音对话,地心之旅是成功了还是失败了？说说理由。,创造创新·开放表达题,727,9.2%,7.2%,5.5%,53.6%,1.0%,5.2%
5,章节,语音对话,汉恩斯这个人有没有发生变化,分析理解·人物形象题,740,13.2%,8.2%,6.1%,23.4%,2.8%,6.8%
5,章节,语音对话,叔叔这个人到底有没有改变,分析理解·人物形象题,728,12.0%,9.1%,6.1%,24.2%,1.4%,5.9%
5,章节,语音对话,"阿克赛身上最大的""改变""是什么",分析理解·人物心理题,719,8.9%,6.2%,4.3%,26.1%,1.4%,5.0%
5,章节,语音对话,"周瑜的""病""是什么？",分析推断·信息推断题,497,25.1%,17.6%,14.1%,10.5%,0.6%,7.2%
5,章节,语音对话,"周瑜的""病""是什么？",分析推断·信息推断题,497,25.3%,15.4%,9.2%,10.5%,0.6%,7.2%
5,章节,板书对话,赤壁之战曹操输在哪儿？从内部和外部原因两方面思考。,分析推断·信息推断题；归纳概括·概括梳理题,487,34.5%,25.3%,19.8%,16.4%,0.2%,11.9%
5,思辨表达,板书对话,你会不会选择放走曹操，为什么？说说理由。,思辨表达·开放表达题,500,14.1%,9.5%,6.5%,13.0%,3.8%,10.8%
5,思辨表达,板书对话,你会不会选择放走曹操，为什么？说说理由。,思辨表达·开放表达题,500,22.9%,13.5%,10.1%,13.0%,3.8%,10.8%
5,思辨表达,板书对话,华容道前关羽的两难处境，难在哪里？总结一下。,思辨表达·开放表达题,481,26.1%,17.8%,14.5%,14.6%,0.6%,12.7%
6,章节,轻互动,酒醒之后，孙悟空想起自己做的这些事，你觉得他心里会有点什么感觉？,分析理解·人物心理题,11925,32.0%,23.1%,17.6%,42.1%,1.7%,8.2%
6,章节,板书对话,刚刚这场精彩绝伦的变身斗法中，说说二郎神给你留下了怎样的印象，这样写的好处,分析理解·人物形象题,12193,27.9%,20.6%,15.8%,49.3%,0.8%,7.2%
6,章节,板书对话,刚刚这场精彩绝伦的变身斗法中，说说二郎神给你留下了怎样的印象，这样写的好处,评价鉴赏·赏析表达题,12193,23.5%,19.3%,17.2%,49.3%,0.8%,7.2%
6,章节,语音对话,如果你是悟空，当你发现天庭无论如何都拿你没办法的时候，你心里会怎么想？,分析理解·人物心理题,11724,23.3%,17.6%,12.1%,48.0%,0.8%,8.3%
6,章节,板书对话,"大圣听了更不服气了，说：""皇帝轮流做，明年到我家""，这句话体现了悟空的什么精神？",分析理解·人物形象题,11804,32.0%,24.6%,19.2%,35.3%,2.5%,10.4%
6,思辨表达,语音对话,如来是如何取胜的？,归纳概括·概括梳理题,11777,31.1%,22.5%,17.4%,63.9%,1.7%,10.1%
6,思辨表达,板书对话,分析一下大圣为什么会输给如来？,分析推断·信息推断题,11799,25.3%,18.2%,13.8%,54.4%,1.1%,7.8%
6,思辨表达,板书对话,"五行山对于悟空意味着什么？从""惩罚""""磨炼""""机遇""中任选一个，说出理由。",思辨表达·开放表达题,11749,36.4%,27.0%,20.9%,70.5%,0.6%,8.7%
6,章节,语音对话,"发挥想象描绘：一个""被自己的聪明陶醉了""的人，会是什么样的表情和动作？",创造创新·开放表达题,422,34.4%,25.9%,20.3%,46.4%,3.6%,4.5%
6,章节,板书对话,路路通心里认为费克斯是什么身份？,分析理解·人物心理题,407,26.4%,19.8%,13.6%,39.8%,4.4%,4.7%
6,章节,板书对话,如果你是路路通，你心里会打什么算盘？用一句完整的话说出心理活动。,分析理解·人物心理题,404,56.2%,41.5%,32.4%,74.5%,2.5%,7.7%
6,章节,板书对话,有感情地朗读这段话，读完告诉我：路路通说这句话时是怎样的心情和态度？,分析理解·人物心理题；分析推断·信息推断题,411,39.4%,28.9%,23.1%,71.3%,2.9%,5.1%
6,章节,板书对话,究竟发生了什么，让他变得这么坚定、愤怒？费克斯刚才干什么了？,分析理解·人物心理题；分析推断·信息推断题,405,24.3%,18.0%,14.5%,51.4%,1.7%,6.9%
6,思辨表达,板书对话,结合情节和描写，你推测路路通现在是一种什么样的心情？,分析理解·人物心理题,413,28.5%,19.8%,12.6%,28.1%,1.9%,6.1%
6,思辨表达,板书对话,路路通亲眼见过主人做过哪些事，让他觉得主人绝不可能是坏人？,分析推断·信息推断题,406,27.6%,19.3%,15.5%,67.5%,1.2%,7.4%
6,思辨表达,板书对话,把自己当成路路通，用完整的话说出他此刻最纠结的内心独白。,创造创新·开放表达题；创造创新·补写仿写题,402,44.5%,32.6%,22.1%,81.3%,2.0%,6.0%
6,章节,语音对话,路路通这句话没直接写心情，你能从中感觉到他心情怎么样吗？,分析理解·人物心理题；分析推断·信息推断题,401,25.1%,18.5%,13.3%,20.9%,1.7%,3.7%
6,章节,语音对话,这个句子属于什么描写？体现了舅舅们怎样的特点？,分析理解·人物形象题,3600,20.9%,14.0%,10.4%,4.2%,0.0%,4.4%
6,章节,语音对话,这两句是什么描写？表现外公什么性格？,分析理解·人物形象题,3423,18.5%,12.2%,8.5%,3.7%,0.2%,5.4%
6,章节,语音对话,母亲这句话让你感受到什么？她是个什么样的人？,分析理解·人物形象题,3334,20.5%,14.4%,11.1%,4.0%,0.1%,5.8%
6,章节,语音对话,阿廖沙做了什么惹祸的事？从原文找答案。,信息提取·信息提取题,3253,25.8%,19.1%,14.7%,3.5%,0.2%,5.5%
6,章节,语音对话,这场毒打之后，阿廖沙发生了怎样的变化？,分析理解·主旨情感题,3223,34.7%,26.9%,21.4%,2.3%,0.3%,10.8%
6,章节,语音对话,这句是什么描写？看出此刻外公什么样子、状态？,分析理解·人物形象题,3178,24.6%,17.7%,12.6%,4.1%,0.2%,8.4%
6,章节,语音对话,这句是什么描写？结合外公拉纤经历，体会他拉纤时怎样的境况和性格？,分析理解·人物形象题,3022,26.9%,18.8%,14.5%,4.3%,0.1%,7.8%
6,思辨表达,语音对话,"阿廖沙觉得""悲惨生活开始了""，从原文找证据说明为什么""悲惨""？",信息提取·内容辨析题,3111,39.4%,30.6%,25.0%,4.1%,0.3%,9.2%
6,思辨表达,板书对话,萨沙和阿廖沙面对挨打表现有什么不同？这种对比说明什么？,分析理解·人物形象题,3015,44.1%,34.6%,28.7%,5.0%,0.4%,12.3%
6,思辨表达,板书对话,外公粗暴残忍还是对阿廖沙有温情？从原文找描写支持这两种说法。,信息提取·信息提取题,2908,40.2%,30.9%,24.8%,5.6%,0.4%,12.5%
6,思辨表达,板书对话,外公粗暴残忍还是对阿廖沙有温情？从原文找描写支持这两种说法。,分析理解·人物形象题,2908,22.0%,15.8%,11.7%,5.6%,0.4%,12.5%
